Medicine's Name,Generic Name,Image_1
Ace?,Paracetamol,https://www.squarepharma.com.bd/products/14_Ace%20Pediatric%20Drops%2030ml.jpg
Ace? Duo,Paracetamol & Ibuprofen,https://www.squarepharma.com.bd/products/Ace%20duo%20pic%20for%20website.jpg
Ace? Plus,Paracetamol & Caffeine,https://www.squarepharma.com.bd/products/Ace-Plus_l.jpg
Ace? Power,Paracetamol,https://www.squarepharma.com.bd/products/Ace-Power-(400x600).jpg
Adryl?,Diphenhydramine HCl,https://www.squarepharma.com.bd/products/ADRYL-100ml.jpg
AdsaltTM,Sodium Chloride,https://www.squarepharma.com.bd/products/Adsalt%20300%20(600x400).jpg
Afun?,Clotrimazole,https://www.squarepharma.com.bd/products/AFUN-Cream.jpg
AkicinTM,Amikacin Sulfate USP,https://www.squarepharma.com.bd/products/Akicin%20IC.jpg
Alacot? DS Eye Drops,Antiallergic,https://www.squarepharma.com.bd/products/Alacot-DS_Website.jpg
Alacot? Eye Drops,Olopatadine HCl,https://www.squarepharma.com.bd/products/Alacot_Website.jpg
Alacot? Max Eye Drops,Olopatadine HCl,https://www.squarepharma.com.bd/products/Alacot-Max_Website.jpg
Alarid? Eye Drops,Ketotifen Fumarate,https://www.squarepharma.com.bd/products/ALADRID-0-025.jpg
Alarid?,Ketotifen Fumarate,https://www.squarepharma.com.bd/products/Alarid-Syrup_l.jpg
Alatrol?,Cetirizine HCl,https://www.squarepharma.com.bd/products/Alatrol%20PD%20for%20website.jpg
Alenvir?,Tenofovir Alafenamide,https://www.squarepharma.com.bd/products/Alenvir_l.jpg
Alice?,Ivermectin BP,https://www.squarepharma.com.bd/products/Alice-12_l.jpg
Alice? Lotion,Ivermectin BP 0.5%,https://www.squarepharma.com.bd/products/Alice%20loiton_for%20web%20site.jpg
Almex?,Albendazole,https://www.squarepharma.com.bd/products/Almex.jpg
Ambrisan? 5,Ambrisentan,https://www.squarepharma.com.bd/products/Ambrisan%205%20Tablet.jpg
Ambrox?,Ambroxol,https://www.squarepharma.com.bd/products/Ambrox%20Syp.jpg
AmenavirTM,Amenamevir,https://www.squarepharma.com.bd/products/Amenavir.jpg
Amodis?,Metronidazole,https://www.squarepharma.com.bd/products/AMODIS-60ML.jpg
Amodis? 500 IV,Metronidazole 0.5% w/v IV Infusion,https://www.squarepharma.com.bd/products/Amodis-infusion_l.jpg
Anadol?,Tramadol HCl,https://www.squarepharma.com.bd/products/ANADOL-100-2ML.jpg
Anadol? Plus,Paracetamol + Tramadol,https://www.squarepharma.com.bd/products/Anadol%20Plus-Website.jpg
Anclog?,Clopidogrel,https://www.squarepharma.com.bd/products/Anclog-(600x400).jpg
Anclog? Plus,Clopidogrel + Aspirin,https://www.squarepharma.com.bd/products/Anclog%20for%20website_p.jpg
Anema?,Monobasic Sodium Phospate and Dibasic Sodium Phosphate,https://www.squarepharma.com.bd/products/Anema_l.jpg
Angilock?,Losartan Potassium,https://www.squarepharma.com.bd/products/Angilock-25_l.jpg
Angilock? Plus,Losartan Potassium + Hydrochlorothiazide,https://www.squarepharma.com.bd/products/Angilock-Plus-25_l.jpg
Angivent MR?,Trimetazidine HCl,https://www.squarepharma.com.bd/products/Angivent-MR_l.png
Anleptic?,Carbamazepine,https://www.squarepharma.com.bd/products/Anleptic-100-ml.jpg
Anril? spray,Nitroglycerin,https://www.squarepharma.com.bd/products/ANRIL-SPRAY.jpg
Anril? SR,Nitroglycerin,https://www.squarepharma.com.bd/products/Anril%20SR%202.6%20Tablet.jpg
Ansulin? Pen Cartridge,Insulin Human (rDNA),https://www.squarepharma.com.bd/products/Ansulin-R-Cartridge_l.jpg
Ansulin? Vial,Insulin Human (rDNA),https://www.squarepharma.com.bd/products/Ansulin-30-70-40-IU-Inj_l.jpg
Antazol?,Xylometazoline HCl,https://www.squarepharma.com.bd/products/ANTAZOL-01.jpg
Antazol? Plus,Sodium Cromoglicate + Xylometazoline HCl,https://www.squarepharma.com.bd/products/ANTAZOL.PLUS.jpg
Antista?,Chlorpheniramine maleate BP,https://www.squarepharma.com.bd/products/Antista_Syrup_large.jpg
Antiva?,Adefovir Dipivoxil,https://www.squarepharma.com.bd/products/ANTIVA-.jpg
Anzitor?,Atorvastatin,https://www.squarepharma.com.bd/products/Anzitor-40.jpg
Anzitor? EZ,Atorvastatin & Ezetimibe,https://www.squarepharma.com.bd/products/Anzitor%20EZ%2020-10.jpg
Apsol?,Amlexanox,https://www.squarepharma.com.bd/products/Apsol%20Oral-01.jpg
Ariprex?,Aripiprazole,https://www.squarepharma.com.bd/products/Ariprex-Oral-Solution_large.jpg
Asynta?,Sodium Alginate + Potassium Bicarbonate,https://www.squarepharma.com.bd/products/asynta_large.jpg
AsyntaTM Max,Sodium Alginate + Sodium Bicarbonate + Calcium Carbonate,https://www.squarepharma.com.bd/products/Asynta%20Max.jpg
AvasprayTM,Fluticasone Furoate,https://www.squarepharma.com.bd/products/l_avaProduct-Image.jpg
AvitazTM,Ceftazidime & Avibactam,https://www.squarepharma.com.bd/products/Avitaz_OK%2003_1.jpg
AxlovirTM Combipack,Nirmatrelvir & Ritonavir,https://www.squarepharma.com.bd/products/Axlovir.jpg
B-50 Forte?,Vitamin B Complex,https://www.squarepharma.com.bd/products/B---50-FORTE-INJECTIONl_3.jpg
B-9TM,Folic Acid,https://www.squarepharma.com.bd/products/B-9%20for%20website.jpg
Bactrocin?,Mupirocin,https://www.squarepharma.com.bd/products/BACTROCIN.jpg
Barif?,Febuxostat,https://www.squarepharma.com.bd/products/Barif%2040%20Tablet.png
BARITOR? 2,Baricitinib 2 mg,https://www.squarepharma.com.bd/products/Baritor%2020_600X400.jpg
Beclomin? HFA Inhaler,Beclometasone Dipropionate,https://www.squarepharma.com.bd/products/BECLOMIN-250-CFC-FREE.jpg
Becospray?,Beclomethasone dipropionate,https://www.squarepharma.com.bd/products/Becospray-200.jpg
BenostarTM Mouthwash,Benzydamine Hydrochloride BP,https://www.squarepharma.com.bd/products/benostar_l.jpg
Benzapen?,Benzathine Benzylpenicillin,https://www.squarepharma.com.bd/products/Benzapen%2012%20Lac.jpg
Betameson-CLTM,Betamethasone Dipropionate & Clotrimazole,https://www.squarepharma.com.bd/products/Betamesone%20-CL%2015%20gm_1.jpg
Betameson-N?,Betamethasone Dipropionate & Neomycin Sulphate,https://www.squarepharma.com.bd/products/Betameson-N%20Cream%2015%20gm_1.jpg
BetamesonTM,Betamethasone Dipropionate,https://www.squarepharma.com.bd/products/Betameson%20Ointment%2020%20gm_1.jpg
BetriXa?,Betrixaban,https://www.squarepharma.com.bd/products/BetriXa-80_l.jpg
BevicortTM,Formoterol Fumarate + Glycopyrronium Bromide + Budesonide,https://www.squarepharma.com.bd/products/Bevicort%20pic.jpg
BeviprexTM,Glycopyrronium Bromide + Formoterol Fumarate,https://www.squarepharma.com.bd/products/Beviprex%20image.jpg
Bicozin-I?,Iron Polymaltose + Thiamine + Riboflavin + Nicotinamide + Pyridoxine + Zinc,https://www.squarepharma.com.bd/products/BICOZIN---I-100ML.jpg
Bicozin?,Vitamin B Complex and Zinc,https://www.squarepharma.com.bd/products/BICOZIN-200ML.jpg
Bilista?,Bilastine,https://www.squarepharma.com.bd/products/Bilista-for-website.jpg
BisocamTM 2.5/5,Bisoprolol + Amlodipine,https://www.squarepharma.com.bd/products/bisocam_large.jpg
Bisocor?,Bisoprolol Fumarate,https://www.squarepharma.com.bd/products/Bisocor_5-website.jpg
Bisocor? Plus,Bisoprolol Fumarate+ Hydrochlorothiazide,https://www.squarepharma.com.bd/products/BISOCORPLUS-5-6.25.jpg
Bonizol?,Zoledronic Acid 5 mg solution for infusion,https://www.squarepharma.com.bd/products/Bonizol%20IC_l.jpg
Brofex?,Dextromethorphan,https://www.squarepharma.com.bd/products/BROFEX-100ML.jpg
Brofex? TS,Dextromethorphan Polistirex,https://www.squarepharma.com.bd/products/Brofex-TS-for-website.png
Bromolac?,Bromocriptine mesilate,https://www.squarepharma.com.bd/products/Bromolac_e.jpg
Bufocort? Cozycap,Budesonide + Formoterol Fumarate Dihydrate,https://www.squarepharma.com.bd/products/Bufocort-400_l.jpg
Burna?,Silver Sulfadiazine,https://www.squarepharma.com.bd/products/BURNA-CREAM.jpg
CaberolTM,Cabergoline,https://www.squarepharma.com.bd/products/Caberol-pic_large.jpg
Calbo 500?,Calcium Carbonate,https://www.squarepharma.com.bd/products/Calbo%20500%20tab.jpg
Calbo Jr.?,Calcium Carbonate,https://www.squarepharma.com.bd/products/Calbo-Jr_l.jpg
Calbo-C?,Calcium laclate gluconate + Calcium carbonate + Ascorbic acid,https://www.squarepharma.com.bd/products/Calbo%20C.jpg
Calbo-D Vita,Calcium 600 mg + Vitamin D 400 IU,https://www.squarepharma.com.bd/products/Calbo-D-VITA_l.jpg
Calbo-D?,Calcium + Vitamin-D,https://www.squarepharma.com.bd/products/Calbo%20D%20dauble%20layer.jpg
Calboplex?,Calcium + Vitamin-D + Multimineral,https://www.squarepharma.com.bd/products/calboplex_1_l.jpg
Calboral-D?,Calcium Carbonate (from Coral source) USP 1250 mg & Vitamin D USP 200 IU,https://www.squarepharma.com.bd/products/Calboral%20D.png
Calboral-DX?,Coral Calcium 600 mg + Vitamin D 400 IU Tablet,https://www.squarepharma.com.bd/products/Calboral-DX_l.jpg
Calbostar?,Calcium Orotate,https://www.squarepharma.com.bd/products/Calbostar%20740%20mg.jpg
CalbotolTM,Calcium Citrate 1200 mg + Calcitriol 0.25 mcg,https://www.squarepharma.com.bd/products/Calbotol.jpg
Calcitrol?,Calcitriol,https://www.squarepharma.com.bd/products/CALCITROL.jpg
CalopridTM,Prucalopride 1 mg & 2 mg,https://www.squarepharma.com.bd/products/Caloprid-PIC_l.jpg
Camlodin?,Amlodipine,https://www.squarepharma.com.bd/products/camlodin_large.png
Camlodin? Plus,Amlodipine + Atenolol,https://www.squarepharma.com.bd/products/Camlodin-Plus-5MG.jpg
Camlosart?,Amlodipine + Olmesartan Medoxomil,https://www.squarepharma.com.bd/products/camlosart_540.gif
Camlotel?,Amlodipine + Telmisartan,https://www.squarepharma.com.bd/products/Camlotel-5-80-(Web).jpg
Candex?,Nystatin,https://www.squarepharma.com.bd/products/1candex.jpg
Carbizol?,Carbimazole,https://www.squarepharma.com.bd/products/Carbizol_l.jpg
Carva?,Aspirin,https://www.squarepharma.com.bd/products/Carva-75-website-formate.jpg
CavirTM,Entecavir,https://www.squarepharma.com.bd/products/Cavir-1-mg_l.jpg
Ceevit? Syrup,Vitamin-C,https://www.squarepharma.com.bd/products/Ceevit%20syrup%20pic%20website.jpg
CeevitTM,Vitamin-C,https://www.squarepharma.com.bd/products/Ceevit.jpg
CeevitTM DS,Vitamin-C,https://www.squarepharma.com.bd/products/ceevit_ds_l.jpg
CeevitTM Forte,Vitamin-C,https://www.squarepharma.com.bd/products/Ceevit-forte_l.jpg
Cef-3?,Cefixime,https://www.squarepharma.com.bd/products/Cef-3%20PFS%2030%20ml.jpg
Cefotil?,Cefuroxime Sodium,https://www.squarepharma.com.bd/products/Cefotil%20PFS%2070ml.jpg
Cefotil? Plus,Cefuroxime & Clavulanic Acid,https://www.squarepharma.com.bd/products/Cefotil%20Plus%20Suspension.jpg
Ceftiben?,Ceftibuten,https://www.squarepharma.com.bd/products/Ceftiben_l.jpg
Ceftron?,Ceftriaxone,https://www.squarepharma.com.bd/products/CEFTRON-INJECTION-2GM-IV.jpg
Cerevas?,Vinpocetine,https://www.squarepharma.com.bd/products/Cerevas%20Tablet.jpg
Cholenak? IV,"Sodium Chloride 0.5% w/v, Potassium Chloride 0.1% w/v and Sodium Acetate 0.393% w/v",https://www.squarepharma.com.bd/products/Cholenak-1000-ml_l.png
Cilosta?,Cilostazol,https://www.squarepharma.com.bd/products/Cilosta.jpg
Cinaron?,Cinnarizine,https://www.squarepharma.com.bd/products/Cinaron.jpg
Cinaron? Plus,Cinnarizine + Dimenhydrinate,https://www.squarepharma.com.bd/products/Cinaron%20Plus%20Product%20Pic-01.jpg
Ciprocin? Eye/Ear Drops,Ciprofloxacin,https://www.squarepharma.com.bd/products/Ciprocin_l.jpg
Ciprocin?,Ciprofloxacin,https://www.squarepharma.com.bd/products/Ciprocin%20750.jpg
Ciprocin? 200 IV,Ciprofloxacin 0.2% w/v IV Infusion,https://www.squarepharma.com.bd/products/Ciprocin-Infusion_l.jpg
CitivasTM,Citicoline,https://www.squarepharma.com.bd/products/citivas-pic_l.jpg
Climycin?,Clindamycin HCl,https://www.squarepharma.com.bd/products/Climycin%20300%20Cap.jpg
Clinface?,Clindamycin Phosphate + Tretinoin,https://www.squarepharma.com.bd/products/CLINFACE-GEL-15GM.jpg
Clofenac?,Diclofenac,https://www.squarepharma.com.bd/products/Clofenac%20SR_50%20mg_Tab.jpg
Clofenac? Plus Injection,Dictofenac Sodium & Lidocain Hydrochloride,https://www.squarepharma.com.bd/products/clofen_2.jpg
Clopirox? Cream,Ciclopirox Olamine,https://www.squarepharma.com.bd/products/Clopirox-product-image_15.jpg
ClopiroxTM Shampoo,Ciclopirox Olamine USP 1%,https://www.squarepharma.com.bd/products/Clopirox-Shampoo_l.jpg
Clotinex?,Enoxaparin Sodium,https://www.squarepharma.com.bd/products/Clotinex-60.jpg
Colicon?,Dicycloverine HCl,https://www.squarepharma.com.bd/products/COLICON-10MG.jpg
Colimax?,Colchicine,https://www.squarepharma.com.bd/products/Colimax-Product_large.jpg
CombicidTM,Clobetasol Propionate + Ofloxacin + Ornidazole + Terbinafine Hydrochloride,https://www.squarepharma.com.bd/products/Combicid-15-gm-cream-01_l.jpg
Comet?,Metformin HCl,https://www.squarepharma.com.bd/products/Comet-XR-500_l.jpg
Comprid?,Gliclazide,https://www.squarepharma.com.bd/products/comprid_xr_30.jpg
Contifil?,Theophylline,https://www.squarepharma.com.bd/products/Contifil-400.jpg
Contilex?,Glucosamine Sulfate + Chondroitin Sulfate,https://www.squarepharma.com.bd/products/Contilex.jpg
ContilexTM TS,Glucosamine Sulfate + Chondroitin Sulfate,https://www.squarepharma.com.bd/products/Contilex%20TS%20pic..jpg
CozycolTM,Mesalamine USP 800 mg,https://www.squarepharma.com.bd/products/Image-of-Cozycol-800_l.jpg
DAIZYTM,Dienogest 2 mg Tablet,https://www.squarepharma.com.bd/products/Daizy_large.jpg
DarborenTM,Darbepoetin alfa,https://www.squarepharma.com.bd/products/Darboren%2060.jpg
De-rash?,Zinc Oxide,https://www.squarepharma.com.bd/products/De-rash.jpg
De-rash? Plus,Miconazole Nitrate 0.25% + Zinc Oxide 15% + White Soft Paraffin 81.35%,https://www.squarepharma.com.bd/products/De-rash%20Plus.jpg
Deflacort?,Deflazacort,https://www.squarepharma.com.bd/products/dflacort_30_1.jpg
Depram?,Imipramine,https://www.squarepharma.com.bd/products/Depram%202.jpg
Deprex?,Olanzapine,https://www.squarepharma.com.bd/products/Deprex_10_l.jpg
Dermasol PlusTM,Clobetasol Propionate + Salicylic Acid,https://www.squarepharma.com.bd/products/Dermasol%20Plus_Image%20for%20Website.png
Dermasol-N?,Clobetasol Propionate +Neomycin Sulphate +Nystatin,https://www.squarepharma.com.bd/products/Dermasol-N%2025%20gm%20Ointment.jpg
Dermasol?,Clobetasol Propionate,https://www.squarepharma.com.bd/products/DERMASOL-CREAM-20GM.jpg
Dermasol?-S,Clobetasol Propionate BP,https://www.squarepharma.com.bd/products/Dermasol_600_400.png
Dexonex-C? Eye/Ear Drops,Dexamethasone+Chloramphenicol,https://www.squarepharma.com.bd/products/Dexonex-C-Website.jpg
Dexonex?,Dexamethasone,https://www.squarepharma.com.bd/products/Dexonex-Injection_2.jpg
Diliner? DR,Duloxetine,https://www.squarepharma.com.bd/products/DILINER-60.jpg
Diltizem? SR 90,Diltiazem HCl,https://www.squarepharma.com.bd/products/DILTIZEM-SR90.jpg
DizmoTM,Itopride,https://www.squarepharma.com.bd/products/Dizmo.jpg
Dormitol?,Midazolam,https://www.squarepharma.com.bd/products/Dormitol%207.5%20Tab.jpg
DotfixTM,Dotinurad,https://www.squarepharma.com.bd/products/Dotfix%202.jpg
Doxacil?,Doxycycline HCI,https://www.squarepharma.com.bd/products/Doxacil-pic_l.jpg
Dulamet? HFA Inhaler,Mometasone & Formoterol,https://www.squarepharma.com.bd/products/Dulamet%20100%20&%20200%20Pro.jpg
DumegTM,Imeglimin,https://www.squarepharma.com.bd/products/Dumeg-500-(600x400).jpg
Dyvon Plus?,Calcipotriol + Betamethasone Dipropionate,https://www.squarepharma.com.bd/products/dybon.png
Dyvon?,Calcipotriol,https://www.squarepharma.com.bd/products/Dyvon-Oint-20gm.jpg
EfaximTM,Rifaximin,https://www.squarepharma.com.bd/products/efaxim-500.jpg
ElorimTM Cream,Eflornithine Hydrochloride 13.9%,https://www.squarepharma.com.bd/products/Elorim_l.jpg
Emjard?,Empagliflozin,https://www.squarepharma.com.bd/products/Emjad-25_l.jpg
EmjardTM M,Empagliflozin and Metformin Hydrochloride,https://www.squarepharma.com.bd/products/Emjard-M-XR-25-1000.jpg
Emolent?,Light liquid paraffin & White soft paraffin,https://www.squarepharma.com.bd/products/Emolent-Cream_large.png
Emolent? Plus,Light Liquid Paraffin + White Soft Paraffin + Glycerin,https://www.squarepharma.com.bd/products/Website-update_Emolent-Pus_.jpg
EmoliTM,"Benzalkonium Chloride BP, Chlorhexidine Hydrochloride BP, Isopropyl Myristate BP and Light Liquid Paraffin BP",https://www.squarepharma.com.bd/products/Emoli_Product.jpg
Entacyd?,Aluminum Hydroxide + Magnesium Hydroxide,https://www.squarepharma.com.bd/products/Entacyd%20Susp.jpg
Entacyd? Plus,Aluminum Hydroxide + Magnesium Hydroxide + Simethicone,https://www.squarepharma.com.bd/products/ENTACYD-PLUS-200.jpg
EpitraTM,Clonazepam,https://www.squarepharma.com.bd/products/Epitra_2-removebg-preview%20(1).png
Eporen?,Erythropoietin BP,https://www.squarepharma.com.bd/products/Eporen%205000%20Injection.jpg
Equra?,Urea,https://www.squarepharma.com.bd/products/EQURA-CREAM.jpg
Erian?,Cinchocaine HCI + Hydrocortisone + Framycetin Sulphate + Esculin,https://www.squarepharma.com.bd/products/Erian%20pic%2002.jpg
Eromycin Lotion?,Erythromycin,https://www.squarepharma.com.bd/products/EROMYCIN-LOTION.jpg
Eromycin?,Erythromycin,https://www.squarepharma.com.bd/products/EROMYCIN-60ML.jpg
Esloric?,Allopurinol,https://www.squarepharma.com.bd/products/Esloric%20100%20IC%2001.jpg
Eyevi?,Vitamin C + Vitamin E + Zinc + Copper + Lutein,https://www.squarepharma.com.bd/products/EYEVI.jpg
Ezex?,Clobetasone Butyrate,https://www.squarepharma.com.bd/products/Ezex-Cream.jpg
Facticin?,Gemifloxacin,https://www.squarepharma.com.bd/products/FACTICIN.jpg
Famotack?,Famotidine,https://www.squarepharma.com.bd/products/Famotack-PFS_l.jpg
Favinil?,Favipiravir,https://www.squarepharma.com.bd/products/Favinil-Tablet_l.jpg
FemastinTM,Estriol,https://www.squarepharma.com.bd/products/Femastin-2-cream_l2.jpg
FemotolTM,Ferric Maltol,https://www.squarepharma.com.bd/products/Femotol-for-website.jpg
Fentizol? VT 600,Fenticonazole Nitrate BP,https://www.squarepharma.com.bd/products/fentizol_large.jpg
FeozaTM,Fezolinetant,https://www.squarepharma.com.bd/products/Feoza.png
Fexo?,Fexofenadine HCl,https://www.squarepharma.com.bd/products/Fexo-Website.jpg
Filfresh?,Melatonin,https://www.squarepharma.com.bd/products/Filfresh.jpg
Filwel? Gold,Multivitamin Multimineral,https://www.squarepharma.com.bd/products/filwel-gold_n.jpg
Filwel? Kids,Multivitamin with Cod Liver Oil,https://www.squarepharma.com.bd/products/Filwel-kids-100ml.jpg
Filwel? Silver,Multivitamin Multimineral,https://www.squarepharma.com.bd/products/filwel-silver_n.jpg
Filwel? Teen hm,Multivitamin & Multimineral,https://www.squarepharma.com.bd/products/Filwel%20Teen%20hm.png
Filwel? Teen hr,Multivitamin & Multimineral,https://www.squarepharma.com.bd/products/Filwel%20Teen%20hr.png
Flacol?,Simethicone,https://www.squarepharma.com.bd/products/Flacol.jpg
FlamfixTM,Nabumetone,https://www.squarepharma.com.bd/products/Flamfix%20750_Pack_2024.jpg
Flexi?,Aceclofenac,https://www.squarepharma.com.bd/products/Flexi-SR_l.jpg
Flexilax?,Baclofen,https://www.squarepharma.com.bd/products/Flexilax.jpg
FlibanTM,Flibanserin,https://www.squarepharma.com.bd/products/1.jpg
Flindof?,Doxofylline INN,https://www.squarepharma.com.bd/products/Flindof-400_l.jpg
Flonasin?,Azelastine Hydrochloride and Fluticasone Propionate,https://www.squarepharma.com.bd/products/flonacin_l.jpg
Flonaspray?,Fluticasone propionate,https://www.squarepharma.com.bd/products/FLONASPRAY-NASAL-SPRAY.jpg
Flonaspray? Max,Fluticasone propionate,https://www.squarepharma.com.bd/products/Flonaspray-Max_600X400.png
Flugal?,Fluconazole,https://www.squarepharma.com.bd/products/Flugal-PFS.jpg
Flurizin?,Flunarizine HCl,https://www.squarepharma.com.bd/products/Flurizin%2010%20final%20-%20Copy.jpg
Fodexil?,Cefadroxil Monohydrate,https://www.squarepharma.com.bd/products/Fodexil-500gm-Capsule_large.jpg
FolitaTM,Leucovorin (Folinic Acid),https://www.squarepharma.com.bd/products/folita_l.jpg
Fona plus?,Adapalene+Benzoyl peroxide,https://www.squarepharma.com.bd/products/Fona-plus-gel_e.jpg
Fona?,Adapalene,https://www.squarepharma.com.bd/products/fona_small.jpg
Fonidel?,Fondaparinux Sodium,https://www.squarepharma.com.bd/products/Fonidel-Product-Pic_l.jpg
FosfomaxTM,Fosfomycin 3 gm,https://www.squarepharma.com.bd/products/FOSFOMAX_l.jpg
Fosfomax? 4 IV Infusion,Fosfomycin 4 gm,https://www.squarepharma.com.bd/products/Product%20visual_Fosfomax%204%20IV%20Inf.%20for%20website.jpg
Frabex?,Tranexamic acid,https://www.squarepharma.com.bd/products/Frabex%20500.jpg
Fungidal HC?,Miconazole nitrate+ Hydrocortisone,https://www.squarepharma.com.bd/products/Fungidal%20HC%20Image.jpg
Fungidal?,Miconazole Nitrate,https://www.squarepharma.com.bd/products/Fungidal%2015%20gm.jpg
Fusid?,Furosemide,https://www.squarepharma.com.bd/products/Fusid-Inj.jpg
Fusid? Plus,Spironolactone + Furosemide,https://www.squarepharma.com.bd/products/Fusd%2040%20Plus%20Tablet.jpg
Fusitop-HC?,Fusidic Acid & Hydrocortisone Acetate,https://www.squarepharma.com.bd/products/Fusitop-HC_l.jpg
G-Calbo?,Calcium 500 mg (algae Source) and Vitamin D3 200 IU,https://www.squarepharma.com.bd/products/G-Calbo-01_l.jpg
G-Calbo? DX,Calcium 600 mg (algae Source) and Vitamin D3 400 IU,https://www.squarepharma.com.bd/products/G%20calbo%20DX.png
Gabastar?,Gabapentin,https://www.squarepharma.com.bd/products/GABASTAR-300.jpg
GefapixTM,Gefapixant Citrate,https://www.squarepharma.com.bd/products/Gefapix-image%20PNG.png
Gelora?,Miconazole,https://www.squarepharma.com.bd/products/GELORA-GEL.jpg
Genacyn ?,Gentamicin,https://www.squarepharma.com.bd/products/GENACYN-OINTMENT.jpg
GermicordTM,Chlorhexidine Gluconate 7.1% Solution,https://www.squarepharma.com.bd/products/Germicord_l.jpg
Germisol? Hand Rub,Chlorhexidine Gluconate,https://www.squarepharma.com.bd/products/Germisol-60-ml_l.jpg
Geston?,Allylestrenol,https://www.squarepharma.com.bd/products/GESTON.jpg
Gigabac?,Colistimethate Sodium,https://www.squarepharma.com.bd/products/Gigabac-4_l.jpg
Gleazy? Jelly,Hydroxyethyl Cellulose and Glycerol,https://www.squarepharma.com.bd/products/Gleazy%20Jelly%20Picture.jpg
GlympaTM,Empagliflozin & Linagliptin,https://www.squarepharma.com.bd/products/Glympa%2025.5.jpg
Glysup?,Glycerin BP,https://www.squarepharma.com.bd/products/Glysup-05.jpg
GOL?,Macrogol & Electrolytes,https://www.squarepharma.com.bd/products/gol_l.jpg
Grastim?,Filgrastim,https://www.squarepharma.com.bd/products/grastim_l.jpg
Gutfix?,Lubiprostone 8 mcg,https://www.squarepharma.com.bd/products/IMG_Gutfix-24_l.jpg
Gynepro?,Metronidazole+ Neomycin Sulphate+ Polymyxin B Sulphate + Nystatin,https://www.squarepharma.com.bd/products/Gynepro_Image_l.jpg
HalobetTM,Halobetasol Propionate,https://www.squarepharma.com.bd/products/halo_05_l.jpg
Hemorif?,Diosmin + Hesperidine,https://www.squarepharma.com.bd/products/HEMORIF.jpg
Hemorif? DS,Diosmin BP 900 mg & Hesperidin USP 100 mg,https://www.squarepharma.com.bd/products/Hemorif-DS_large.jpg
HemoronTM,Sodium Feredetate,https://www.squarepharma.com.bd/products/Hemoron_Web.jpg
HemosolTM -A,Bicarbonate Hemodialysis Solution (Acidic Component),https://www.squarepharma.com.bd/products/Hemosol-A_l1.jpg
HemosolTM -B,Bicarbonate Hemodialysis Solution (Basic Component),https://www.squarepharma.com.bd/products/Hemosol-B_l1.jpg
Hepavir?,Lamivudine,https://www.squarepharma.com.bd/products/HEPAVIR.jpg
Heplol TM,L-Ornithine L-Aspartate 150 mg,https://www.squarepharma.com.bd/products/Heplol-Tablet_large.jpg
Hyponor? injection,Norepinephrine 2 mg/ 2 ml,https://www.squarepharma.com.bd/products/Hyponor_l.jpg
Ace?,Paracetamol,https://www.squarepharma.com.bd/products/14_Ace%20Pediatric%20Drops%2030ml.jpg
Ace? Duo,Paracetamol & Ibuprofen,https://www.squarepharma.com.bd/products/Ace%20duo%20pic%20for%20website.jpg
Ace? Plus,Paracetamol & Caffeine,https://www.squarepharma.com.bd/products/Ace-Plus_l.jpg
Ace? Power,Paracetamol,https://www.squarepharma.com.bd/products/Ace-Power-(400x600).jpg
Adryl?,Diphenhydramine HCl,https://www.squarepharma.com.bd/products/ADRYL-100ml.jpg
AdsaltTM,Sodium Chloride,https://www.squarepharma.com.bd/products/Adsalt%20300%20(600x400).jpg
Afun?,Clotrimazole,https://www.squarepharma.com.bd/products/AFUN-Cream.jpg
AkicinTM,Amikacin Sulfate USP,https://www.squarepharma.com.bd/products/Akicin%20IC.jpg
Alacot? DS Eye Drops,Antiallergic,https://www.squarepharma.com.bd/products/Alacot-DS_Website.jpg
Alacot? Eye Drops,Olopatadine HCl,https://www.squarepharma.com.bd/products/Alacot_Website.jpg
Alacot? Max Eye Drops,Olopatadine HCl,https://www.squarepharma.com.bd/products/Alacot-Max_Website.jpg
Alarid? Eye Drops,Ketotifen Fumarate,https://www.squarepharma.com.bd/products/ALADRID-0-025.jpg
Alarid?,Ketotifen Fumarate,https://www.squarepharma.com.bd/products/Alarid-Syrup_l.jpg
Alatrol?,Cetirizine HCl,https://www.squarepharma.com.bd/products/Alatrol%20PD%20for%20website.jpg
Alenvir?,Tenofovir Alafenamide,https://www.squarepharma.com.bd/products/Alenvir_l.jpg
Alice?,Ivermectin BP,https://www.squarepharma.com.bd/products/Alice-12_l.jpg
Alice? Lotion,Ivermectin BP 0.5%,https://www.squarepharma.com.bd/products/Alice%20loiton_for%20web%20site.jpg
Almex?,Albendazole,https://www.squarepharma.com.bd/products/Almex.jpg
Ambrisan? 5,Ambrisentan,https://www.squarepharma.com.bd/products/Ambrisan%205%20Tablet.jpg
Ambrox?,Ambroxol,https://www.squarepharma.com.bd/products/Ambrox%20Syp.jpg
AmenavirTM,Amenamevir,https://www.squarepharma.com.bd/products/Amenavir.jpg
Amodis?,Metronidazole,https://www.squarepharma.com.bd/products/AMODIS-60ML.jpg
Amodis? 500 IV,Metronidazole 0.5% w/v IV Infusion,https://www.squarepharma.com.bd/products/Amodis-infusion_l.jpg
Anadol?,Tramadol HCl,https://www.squarepharma.com.bd/products/ANADOL-100-2ML.jpg
Anadol? Plus,Paracetamol + Tramadol,https://www.squarepharma.com.bd/products/Anadol%20Plus-Website.jpg
Anclog?,Clopidogrel,https://www.squarepharma.com.bd/products/Anclog-(600x400).jpg
Anclog? Plus,Clopidogrel + Aspirin,https://www.squarepharma.com.bd/products/Anclog%20for%20website_p.jpg
Anema?,Monobasic Sodium Phospate and Dibasic Sodium Phosphate,https://www.squarepharma.com.bd/products/Anema_l.jpg
Angilock?,Losartan Potassium,https://www.squarepharma.com.bd/products/Angilock-25_l.jpg
Angilock? Plus,Losartan Potassium + Hydrochlorothiazide,https://www.squarepharma.com.bd/products/Angilock-Plus-25_l.jpg
Angivent MR?,Trimetazidine HCl,https://www.squarepharma.com.bd/products/Angivent-MR_l.png
Anleptic?,Carbamazepine,https://www.squarepharma.com.bd/products/Anleptic-100-ml.jpg
Anril? spray,Nitroglycerin,https://www.squarepharma.com.bd/products/ANRIL-SPRAY.jpg
Anril? SR,Nitroglycerin,https://www.squarepharma.com.bd/products/Anril%20SR%202.6%20Tablet.jpg
Ansulin? Pen Cartridge,Insulin Human (rDNA),https://www.squarepharma.com.bd/products/Ansulin-R-Cartridge_l.jpg
Ansulin? Vial,Insulin Human (rDNA),https://www.squarepharma.com.bd/products/Ansulin-30-70-40-IU-Inj_l.jpg
Antazol?,Xylometazoline HCl,https://www.squarepharma.com.bd/products/ANTAZOL-01.jpg
Antazol? Plus,Sodium Cromoglicate + Xylometazoline HCl,https://www.squarepharma.com.bd/products/ANTAZOL.PLUS.jpg
Antista?,Chlorpheniramine maleate BP,https://www.squarepharma.com.bd/products/Antista_Syrup_large.jpg
Antiva?,Adefovir Dipivoxil,https://www.squarepharma.com.bd/products/ANTIVA-.jpg
Anzitor?,Atorvastatin,https://www.squarepharma.com.bd/products/Anzitor-40.jpg
Anzitor? EZ,Atorvastatin & Ezetimibe,https://www.squarepharma.com.bd/products/Anzitor%20EZ%2020-10.jpg
Apsol?,Amlexanox,https://www.squarepharma.com.bd/products/Apsol%20Oral-01.jpg
Ariprex?,Aripiprazole,https://www.squarepharma.com.bd/products/Ariprex-Oral-Solution_large.jpg
Asynta?,Sodium Alginate + Potassium Bicarbonate,https://www.squarepharma.com.bd/products/asynta_large.jpg
AsyntaTM Max,Sodium Alginate + Sodium Bicarbonate + Calcium Carbonate,https://www.squarepharma.com.bd/products/Asynta%20Max.jpg
AvasprayTM,Fluticasone Furoate,https://www.squarepharma.com.bd/products/l_avaProduct-Image.jpg
AvitazTM,Ceftazidime & Avibactam,https://www.squarepharma.com.bd/products/Avitaz_OK%2003_1.jpg
AxlovirTM Combipack,Nirmatrelvir & Ritonavir,https://www.squarepharma.com.bd/products/Axlovir.jpg
Lactoring? IV,Hartmann?s solution,https://www.squarepharma.com.bd/products/Ringer%20Lactate%201000%20ml%20Lactoring%20IV%20Infusion%201000%20ml.jpg
Lamicet?,Lamotrigine,https://www.squarepharma.com.bd/products/lem_h.png
Lanso D?,Dexlansoprazole,https://www.squarepharma.com.bd/products/Lanso-D-30_l.jpg
Lanso?,Lansoprazole,https://www.squarepharma.com.bd/products/LANSO-30.jpg
Larsulin?,Insulin Glargine,https://www.squarepharma.com.bd/products/Larsulin-Product_2.jpg
Laxyl?,Bromazepam,https://www.squarepharma.com.bd/products/Laxyl.jpg
LebacTM,Cephradine,https://www.squarepharma.com.bd/products/Lebec%20500%20Capsule.jpg
Lerozol?,Letrozole,https://www.squarepharma.com.bd/products/Lerozol%20(1).png
Levocar?,Levocarnitine,https://www.squarepharma.com.bd/products/LEVOCAR-TABLET.jpg
Levostar?,Levosalbutamol,https://www.squarepharma.com.bd/products/LEVOSTAR-100ML-Syrup.jpg
LiglimetTM,Linagliptin and Metformin Hydrochloride,https://www.squarepharma.com.bd/products/Product-Image-2.5+850_1.jpg
Linita?,Linagliptin,https://www.squarepharma.com.bd/products/Linita_l2.jpg
Lipired?,Fenofibrate,https://www.squarepharma.com.bd/products/Lipired.jpg
LivacolTM,Obeticholic Acid,https://www.squarepharma.com.bd/products/Livacol-10%20-%20Copy.jpg
Livwel?,Multivitamin Multimineral,https://www.squarepharma.com.bd/products/Livwel-200.jpg
LNCTM,Cilnidipine,https://www.squarepharma.com.bd/products/LNC%2010.jpg
LofosTM,Calcium Acetate,https://www.squarepharma.com.bd/products/Lofos-01.jpg
Loracef?,Cefaclor,https://www.squarepharma.com.bd/products/Loracef%20PFS.jpg
Loratin?,Loratadine,https://www.squarepharma.com.bd/products/Loratin-Fast.jpg
LornoTM,Lornoxicam,https://www.squarepharma.com.bd/products/Lorno%208-web.jpg
Lubgel? 1% Eye Drops,Carboxymethylcellulose Sodium 1%,https://www.squarepharma.com.bd/products/Lubgel.jpg
Lubtear? Eye Drops,Dextran 70 + Hypromellose,https://www.squarepharma.com.bd/products/Lubtear_Website.jpg
Lulitop?,Luliconazole,https://www.squarepharma.com.bd/products/Lulitop_20%20gmSMALL.jpg
Luraprex?,Lurasidone,https://www.squarepharma.com.bd/products/Luraprex_40.jpg
Lysivin?,Multivitamin with L-Lysine,https://www.squarepharma.com.bd/products/lysivin_l.jpg
MagantaTM Plus,Magaldrate+Simethicone,https://www.squarepharma.com.bd/products/Maganta-Plus-Sus.jpg
MagnideTM,Magnesium,https://www.squarepharma.com.bd/products/Magnide%2001.jpg
Maxbon?,Ibandronic acid,https://www.squarepharma.com.bd/products/Maxbone-large.jpg
MaxbonTM Kit,01 Tablet of Ibandronic Acid 150 mg & 60 Tablets of Calcium Orotate 400 mg,https://www.squarepharma.com.bd/products/Maxbon-Kit_HDR_l.jpg
MaxcefTM,Cefotaxime,https://www.squarepharma.com.bd/products/Maxcef%20250%20mg%20IMIV%20Inj..jpg
MaxpimeTM,Cefepime,https://www.squarepharma.com.bd/products/Maxpime%201gm%20IM%20IV%20injection.jpg
Maxrin?,Tamsulosin HCl,https://www.squarepharma.com.bd/products/maxrin-pic_small.jpg
Maxrin? D,Tamsulosin Hydrochloride 0.4 mg & Dutasteride 0.5 mg,https://www.squarepharma.com.bd/products/Maxrin-D_l.jpg
MegetTM,Megestrol Acetate,https://www.squarepharma.com.bd/products/Meget_160.jpg
MelanoTM Cream,"Fluocinolone Acetonide USP 0.1 mg, Tretinoin USP 0.5 mg & Hydroquinone USP 40 mg",https://www.squarepharma.com.bd/products/melano_large.jpg
Melixol?,Flupentixol + Melitracen,https://www.squarepharma.com.bd/products/Melixol%20product%20pic%20final%20-%20Copy.jpg
Menoral?,Norethisterone,https://www.squarepharma.com.bd/products/menoral_l.jpg
Merison?,Betahistine Mesilate,https://www.squarepharma.com.bd/products/Merison-tablet.jpg
Metaspray Nasal Spray?,Mometasone Furoate,https://www.squarepharma.com.bd/products/METASPRAY.jpg
Methicol?,Mecobalamin,https://www.squarepharma.com.bd/products/METHICOL.jpg
MethigicTM,Methylprednisolone,https://www.squarepharma.com.bd/products/maget_16_l.jpg
MethomolTM,Methocarbamol,https://www.squarepharma.com.bd/products/Methomol%20750%20mg.jpg
Mevin?,Mebeverine Hydrochloride BP,https://www.squarepharma.com.bd/products/Mevin%20Tablet.jpg
Mexlo? Eye Drops,Lomefloxacin,https://www.squarepharma.com.bd/products/Mexlo_l.jpg
Migranil?,Pizotifen Malate,https://www.squarepharma.com.bd/products/Migranil%201%20-%20Copy.jpg
MinibetTM,Ciprofibrate,https://www.squarepharma.com.bd/products/Minibet%20(600x400).jpg
MiraderTM,Mirabegron,https://www.squarepharma.com.bd/products/Mirader%20pic%20web.jpg
Mirakof?,Butamirate CItrate,https://www.squarepharma.com.bd/products/Mirakof%20Syp.jpg
MiraproTM,Mirtazapine,https://www.squarepharma.com.bd/products/Mirapro%202.jpg
MolvirTM,Molnupiravir,https://www.squarepharma.com.bd/products/Molvir%20P.jpg
Montaro?,Tirzepatide,https://www.squarepharma.com.bd/products/Montaro-5.jpg
Montene?,Montelukast,https://www.squarepharma.com.bd/products/Montene10_l.jpg
Motigut?,Domperidone,https://www.squarepharma.com.bd/products/Motigut-pic_l.jpg
Moxacil?,Amoxicillin,https://www.squarepharma.com.bd/products/Moxacil%20500.jpg
Moxaclav?,Amoxicillin + Clavulanic acid,https://www.squarepharma.com.bd/products/Moxaclav%201.2.jpg
Mucospel?,Bromhexine HCl,https://www.squarepharma.com.bd/products/MUCOSPEL-100ML.jpg
Multivit? Plus,Multivitamin Multimineral,https://www.squarepharma.com.bd/products/MULTIVIT-PLUS.jpg
Myonil?,Eperisone HCl,https://www.squarepharma.com.bd/products/Myonil%20Product%20Pic-01.jpg
NafodilTM,Naftidrofuryl,https://www.squarepharma.com.bd/products/Nafodil%20resized%20pic.jpg
NasovapTM,Menthol + Eucalyptus Oil,https://www.squarepharma.com.bd/products/Nasovap_pack.jpg
Naurif?,Granisetron HCl,https://www.squarepharma.com.bd/products/Naurif-removebg-preview.png
Nebanol Plus?,"Neomycin Sulphate, Bacitracin Zinc & Polymyxin B Sulphate",https://www.squarepharma.com.bd/products/nebanol_plus_2.jpg
Nebanol?,Neomycin Sulphate + Bacitracin Zinc,https://www.squarepharma.com.bd/products/nebanol-powder_2.jpg
Nebita?,Nebivolol Hydrochloride,https://www.squarepharma.com.bd/products/nebita_25.jpg
NebitaTM Plus 5/12.5,Nebivolol+Hydrochlorothiazide (? -blocker & Combinations),https://www.squarepharma.com.bd/products/Nebita-plus-Image_large.jpg
NeumigTM,Mirogabalin,https://www.squarepharma.com.bd/products/Neumig%2010%20R.jpg
Neuro-B?,Vitamin B1 + Vitamin B6 + Vitamin B12,https://www.squarepharma.com.bd/products/Neuro-B%20Inj.jpg
Neurolep?,Piracetam,https://www.squarepharma.com.bd/products/Neurolep-Syrup.jpg
Neurolin?,Pregabalin,https://www.squarepharma.com.bd/products/Neurolin%20CR-82.5%20for%20website.jpg
NewbainTM,Nalbuphine Hydrochloride,https://www.squarepharma.com.bd/products/Newbain%202%20pic%20for%20website.jpg
Nexum?,Esomeprazole,https://www.squarepharma.com.bd/products/Nexum_inj_l.jpg
Nexum? MUPS,Esomeprazole,https://www.squarepharma.com.bd/products/Nexum%20MUPS%2040.jpg
Nidipine? SR,Nifedipine,https://www.squarepharma.com.bd/products/NIDIPIN-SR.jpg
Nimocal?,Nimodipine,https://www.squarepharma.com.bd/products/nimocal_large.png
Nomi ?,Zolmitriptan,https://www.squarepharma.com.bd/products/Nomi%20Product.jpg
"Normal Saline, 500 ml",Sodium Chloride BP 0.9% w/v,https://www.squarepharma.com.bd/products/Normal%20Saline%201000%20ml.jpg
Normo-KTM,Sodium Polystyrene Sulfonate USP,https://www.squarepharma.com.bd/products/Product-Image-of-Normo-K_la.jpg
Norpill?1,Levonorgestrel,https://www.squarepharma.com.bd/products/Norpill-1_e.jpg
Norvis?,Tiemonium Methylsulfate,https://www.squarepharma.com.bd/products/Norvis%2050%20ml_Pack%20-%20Copy.jpg
Ocof?,Dextromethorphan HBr + Phenylephrine HCl + Triprolidine HCl,https://www.squarepharma.com.bd/products/Ocof%20Syp.jpg
Ocubrom? Eye Drops,Bromfenac Sodium,https://www.squarepharma.com.bd/products/Product-pic_l.jpg
Ofran?,Ondansetron HCl,https://www.squarepharma.com.bd/products/Ofran%20Tab.jpg
Olistat?,Orlistat,https://www.squarepharma.com.bd/products/Olistat_120.jpg
Olmecar? Plus,Olmesartan Medoxomil + Hydrochlorothiazide,https://www.squarepharma.com.bd/products/Olmecar-Plus_l.jpg
OlmecarTM,Olmesartan Medoxomil,https://www.squarepharma.com.bd/products/Olmecar-40_l.jpg
OriliTM,Elagolix,https://www.squarepharma.com.bd/products/Orili%20pic.jpg
Orostar? Cool Mint Mouthwash,Menthol + Thymol + Eucalyptol + Methyl Salicylate,https://www.squarepharma.com.bd/products/Orostar%20Coolmint.jpg
Orostar? Plus,Eucalyptol + Menthol + Methyl Salicylate +Thymol + Sodium Fluoride,https://www.squarepharma.com.bd/products/Orostar-Plus_l.jpg
Osmolax?,Lactulose,https://www.squarepharma.com.bd/products/Osmolax%20200.jpg
Ostel?-D,Sodium Alendronate +Vit D3,https://www.squarepharma.com.bd/products/AUSTIL-D.jpg
OtegalTM,Oteseconazole,https://www.squarepharma.com.bd/products/Otegal_PACK.jpg
Otic-4TM,"Ofloxacin, Clotrimazole, Beclomethasone Dipropionate & Lidocaine Hydrochloride",https://www.squarepharma.com.bd/products/Otic_4_IC.jpg
Oxapro?,Escitalopram,https://www.squarepharma.com.bd/products/Oxapro-10_New_l.jpg
Oxat?,Paroxetine HCl,https://www.squarepharma.com.bd/products/Oxat%2020.jpg
OxifunTM,Oxiconazole,https://www.squarepharma.com.bd/products/oxifun_cream.jpg
Oxifyl CR?,Pentoxifylline,https://www.squarepharma.com.bd/products/OXIFYL-CR.jpg
Paloset?,Palonosetron,https://www.squarepharma.com.bd/products/paloset_main.jpg
PenrifTM,Methyl Salicylate + Menthol,https://www.squarepharma.com.bd/products/penrif_30_l.jpg
Penvik?,Phenoxymethyl Penicillin,https://www.squarepharma.com.bd/products/Penvik%20DS.jpg
PeranelTM,Perampanel,https://www.squarepharma.com.bd/products/Peranel_4-removebg-preview.png
Perkidopa?,Levodopa + Carbidopa,https://www.squarepharma.com.bd/products/perkidopa-cap-275.jpg
Perkinil?,Procyclidine HCl,https://www.squarepharma.com.bd/products/Perkinil_l1.jpg
Perkirol?,Ropinirole,https://www.squarepharma.com.bd/products/Perkirol_0.25.jpg
Pevitin?,Econazole Nitrate +Triamcenolone Acetonide,https://www.squarepharma.com.bd/products/Pevitin%2015%20gm%20pro%20-%202%20Copy.jpg
Phylopen?,Flucloxacillin,https://www.squarepharma.com.bd/products/Phylopen-500-Inj-01_l.jpg
Plan ATM,"Lactic Acid BP 1.8%, Citric Acid BP 1% + Potassium Bitartrate USP 0.4%",https://www.squarepharma.com.bd/products/Plan%20A%20pic..jpg
PMBTM,Polymyxin B,https://www.squarepharma.com.bd/products/PMB.JPG
Prazolok? ER,Prazosin,https://www.squarepharma.com.bd/products/Prazolok-ER-5.jpg
Prolert?,Fluoxetine HCl,https://www.squarepharma.com.bd/products/Prolert-01.jpg
Promtil?,Prochlorperazine Maleate,https://www.squarepharma.com.bd/products/PROMTIL.jpg
Pronor?,Finsteride,https://www.squarepharma.com.bd/products/Pronor%20Website.jpg
Prosalic? Lotion,Betamethasone + Salicylic Acid,https://www.squarepharma.com.bd/products/prosalic_large.png
ProxivirTM,Tenofovir Disoproxil Fumarate,https://www.squarepharma.com.bd/products/Proxivir_e.jpg
Pylotrip?,Lansoprazole + Clarithromycin + Amoxicillin,https://www.squarepharma.com.bd/products/Pylotrip.jpg
Pylotrip? R,"Rabeprazole, Amoxicillin & Clarithromycin",https://www.squarepharma.com.bd/products/Pylotrip%20R.jpg
QTPTM,Quetiapine,https://www.squarepharma.com.bd/products/QTP-200%20XR%20for%20website.jpg
Quinivir?,Hydroxychloroquine Sulfate,https://www.squarepharma.com.bd/products/Quinivir-Tablet_l.jpg
Rabeca?,Rabeprazole Sodium INN,https://www.squarepharma.com.bd/products/Rabeca%2020.jpg
Ranolin? XR,Ranolazine,https://www.squarepharma.com.bd/products/Ranolin%20XR%20500%20Tablet.jpg
RapifloTM,Silodosin,https://www.squarepharma.com.bd/products/Rapiflo%204%20Capsule.jpg
RapilogTM,Insulin Aspart,https://www.squarepharma.com.bd/products/Rapilog%20Pen%20Cartrdige%20-%20Copy.jpg
RapiMixTM,Insulin Aspart,https://www.squarepharma.com.bd/products/Rapimix%20Website%20-%20Copy.jpg
RavuTM,Ravuconazole,https://www.squarepharma.com.bd/products/Ravu_PACK.jpg
Rectocare?,Nitroglycerin,https://www.squarepharma.com.bd/products/Rectocare_u.png
Relatro? 25,Dantrolene Sodium,https://www.squarepharma.com.bd/products/Relatro-25-C_l.jpg
RelucibaTM,Relugolix,https://www.squarepharma.com.bd/products/Reluciba2.jpg
Remac?,Clarithromycin,https://www.squarepharma.com.bd/products/Remac%20for%20website.jpg
Remdinil?,Remdesivir,https://www.squarepharma.com.bd/products/Remdinil_l.jpg
Remus?,Tacrolimus,https://www.squarepharma.com.bd/products/remus_l.jpg
Renorma?,Tibolone,https://www.squarepharma.com.bd/products/RENORMA.jpg
RenustatTM,Roxadustat,https://www.squarepharma.com.bd/products/Renustat%20IC.jpg
Repres? SR,Indapamide,https://www.squarepharma.com.bd/products/Repres_SR_l.jpg
Retabac?,Retapamulin,https://www.squarepharma.com.bd/products/retabac_l.png
Revira?,Valaciclovir,https://www.squarepharma.com.bd/products/REVIRA-500.jpg
RevocitTM,Ferric Citrate,https://www.squarepharma.com.bd/products/Revocit%20-%20Copy.jpg
Revofer?,Ferric Carboxymaltose,https://www.squarepharma.com.bd/products/Revofer-750_l.jpg
Rex?,"Vitamin A, Vitamin C & Vitamin E",https://www.squarepharma.com.bd/products/Rex.jpg
Rice ORS?,Rice based oral rehydration salt,https://www.squarepharma.com.bd/products/Rice-ORS_2_e.jpg
Ringer Lactate,Hartmann?s solution,https://www.squarepharma.com.bd/products/Ringer%20Lactate%201000%20ml.jpg
Ripril?,Ramipril,https://www.squarepharma.com.bd/products/Ripril-5_Tablet.jpg
Risedon?,Risedronate Sodium,https://www.squarepharma.com.bd/products/RESIDON-150.jpg
Risedon? Plus,Risedronate Sodium & Calcium,https://www.squarepharma.com.bd/products/r-2_large.jpg
RivatigTM,Rivastigmine,https://www.squarepharma.com.bd/products/Product%20Pic%20-%202.jpg
RivaXa?,Rivaroxaban,https://www.squarepharma.com.bd/products/Rivaxa%2010%20-%20Copy.png
Robic?,Ornidazole,https://www.squarepharma.com.bd/products/ROBIC.jpg
Rosuva? EZ,Rosuvastatin & Ezetimibe,https://www.squarepharma.com.bd/products/Rosuva-EZ-20-10-Website.jpg
RosuvaTM,Rosuvastatin,https://www.squarepharma.com.bd/products/Rosuva-20.jpg
ROZYTM,Drospirenone & Estradiol,https://www.squarepharma.com.bd/products/Rozy-IC_l.jpg
Rupatrol?,Rupatadine 10 mg,https://www.squarepharma.com.bd/products/Rupatrol-Tablet-image_large.png
Rutix?,Ofloxacin,https://www.squarepharma.com.bd/products/Rutix-400_large.jpg
SafyronTM,Dydrogesterone,https://www.squarepharma.com.bd/products/Safyron%20for%20Website.png
Saga?,Sparfloxacin,https://www.squarepharma.com.bd/products/Saga_e.jpg
Salicid? Cream,Salicylic Acid BP 12%,https://www.squarepharma.com.bd/products/Salicid-30-gm-Cream_l.jpg
Scabex?,Permethrin,https://www.squarepharma.com.bd/products/SCABEX-30-gm_Image_l.jpg
Seclo?,Omeprazole,https://www.squarepharma.com.bd/products/Seclo%2040%20Injection.jpg
Seclo? MUPS,Omeprazole,https://www.squarepharma.com.bd/products/Seclo-MUPS_l.png
Secnid?,Secnidazole,https://www.squarepharma.com.bd/products/SECNID-DS.jpg
Secrin?,Glimepiride,https://www.squarepharma.com.bd/products/Secrin%20DS.PDF
Secrin? M,Glimepiride and Metformin Hydrochloride,https://www.squarepharma.com.bd/products/Secrin-M-2+500-XR_s.jpg
Sedil?,Diazepam,https://www.squarepharma.com.bd/products/Sedil.jpg
Sedno?,Desloratadine,https://www.squarepharma.com.bd/products/Sedno-Tab-PRO_l.jpg
SemazicTM,Semaglutide,https://www.squarepharma.com.bd/products/Semazic-0.5.jpg
Siglimet?,Sitagliptin + Metformin Hydrochloride,https://www.squarepharma.com.bd/products/Siglimet%2050-1000%20for%20website.jpg
Siglita?,Sitagliptin,https://www.squarepharma.com.bd/products/Siglita-50_l.jpg
SodibarTM,Sodium Bicarbonate,https://www.squarepharma.com.bd/products/Sodibar.png
SoliderTM,Solifenacin Succinate,https://www.squarepharma.com.bd/products/Solider-Pro_l.jpg
Solo?,Sodium Chloride,https://www.squarepharma.com.bd/products/Solo_e.jpg
Solo? 0.9% IV,Sodium Chloride BP 0.9% w/v,https://www.squarepharma.com.bd/products/Normal%20Saline%201000%20ml%20Solo%2009%20IV%20Infusion%201000%20ml.jpg
Solodex? IV,Sodium Chloride BP 0.9% w/v and Dextrose USP 5% w/v,https://www.squarepharma.com.bd/products/5%20Dextrose%20in%20Normal%20Saline%20500%20ml%20Solodex%20%20IV%20Infusion%20500%20ml.jpg
SolodexTM Baby IV,Sodium Chloride BP 0.225% w/v and Dextrose Anhydrous USP 5% w/v,https://www.squarepharma.com.bd/products/Solodex-Baby_w.jpg
SolodexTM JR IV,Sodium Chloride BP 0.45% w/v and Dextrose Anhydrous USP 5% w/v,https://www.squarepharma.com.bd/products/5%20Dextrose%20in%20%C2%BD%20Normal%20Saline%20500%20ml%20Solodex%20JR%20IV%20Infusion%20500%20ml.jpg
SolosprayTM,Sodium Chloride,https://www.squarepharma.com.bd/products/Solospray_product%20-%20Copy.jpg
Sonap?,Naproxen,https://www.squarepharma.com.bd/products/sonap_500_2.jpg
SopilaxTM,Sodium Picosulfate,https://www.squarepharma.com.bd/products/Sopilax%20product%20pic..jpg
SorasibaTM,Sorafenib,https://www.squarepharma.com.bd/products/Sorasiba%20200.jpg
Specbac?,Meropenem,https://www.squarepharma.com.bd/products/Specbac-1gm-inj.jpg
Splendora?,Minoxidil BP,https://www.squarepharma.com.bd/products/SPlendora_large.png
SQ-Mycetin? Eye/Ear Drops,Chloramphenicol,https://www.squarepharma.com.bd/products/SQ-Mycetin_l.jpg
Square Zinc? 20,Zinc Sulphate Monohydrate,https://www.squarepharma.com.bd/products/Square-zinc-pic_l.jpg
Sulprex TM HFA Inhaler,Salbutamol + Ipratropium Bromide,https://www.squarepharma.com.bd/products/sulprex_large.jpg
SulprexTM Nebuliser Solution,Salbutamol + Ipratropium Bromide,https://www.squarepharma.com.bd/products/Sulprex-Nebu-Solution-3-ml_.jpg
Sultolin? Cozycap,Salbutamol,https://www.squarepharma.com.bd/products/Sultolin-cozycap_l.jpg
Sultolin? HFA Inhaler,Salbutamol Sulphate,https://www.squarepharma.com.bd/products/SULTOLIN-HFA-INHALER-200PUFF.jpg
Sultolin? HFA Refill,Salbutamol,https://www.squarepharma.com.bd/products/SULTOLIN-REFIL.jpg
Sultolin? Respirator Solution,Salbutamol Sulphate,https://www.squarepharma.com.bd/products/SULTOLIN-SOLUTION-20ML.jpg
Sultolin? Syrup & Tablet,Salbutamol,https://www.squarepharma.com.bd/products/Sultolin-Syrup_l.jpg
SunmaskTM,"Zinc Oxide USP 10%, Avobenzone USP 1%, Octinoxate USP 7% & Enzacamene USP 3.5%",https://www.squarepharma.com.bd/products/SUNMASK_Packaging_l.jpg
Susten?,Dapoxetine Hydrochloride INN,https://www.squarepharma.com.bd/products/Susten%2030%20Tablet.jpg
Suvirux?,Sofosbuvir,https://www.squarepharma.com.bd/products/Suvirux_Product-Image_l.jpg
SuvotolTM,Suvorexant,https://www.squarepharma.com.bd/products/suvotol-pack_l.jpg
Suzyme?,Pancreatin BP,https://www.squarepharma.com.bd/products/Suzyme-Pic_l.png
Tazid?,Ceftazidime,https://www.squarepharma.com.bd/products/TAZID-500GM-INJECTION.jpg
Tazocilin?,Piperacillin and Tazobactam,https://www.squarepharma.com.bd/products/Tazocilin%204.5.jpg
Tebast?,Ebastine BP,https://www.squarepharma.com.bd/products/Tebast-Tab-PRO_l.jpg
TeconinTM,Teicoplanin,https://www.squarepharma.com.bd/products/Teconin%20400.jpg
TelmilokTM,Telmisartan,https://www.squarepharma.com.bd/products/Tem-lock-40_l.jpg
TelmilokTM Plus,Telmisartan + Hydrochlorothiazide,https://www.squarepharma.com.bd/products/Telmilok%20Plus.jpg
Terminex?,Mifepristone & Misoprostol,https://www.squarepharma.com.bd/products/terminex_large.jpg
Tetrax?,Tetracycline HCl,https://www.squarepharma.com.bd/products/Tetrax%20500%20Cap.jpg
TezoTM,Tedizolid Phosphate,https://www.squarepharma.com.bd/products/Tezo.jpg
Thyrin?,Levothyroxine Sodium,https://www.squarepharma.com.bd/products/Thyrin_100Pack_web_2025.jpg
Ticalog?,Ticagrelor,https://www.squarepharma.com.bd/products/ticalog_large.jpg
Ticamet? Cozycap,Salmeterol + Fluticasone,https://www.squarepharma.com.bd/products/Ticamet-100_l.jpg
Ticamet? HFA,Salmeterol & Fluticasone Propionate BP,https://www.squarepharma.com.bd/products/Ticamet-Refill-(002)_l.jpg
Ticas?,Fluticasone propionate,https://www.squarepharma.com.bd/products/ticas_small.jpg
TicstopTM,Tetrabenazine,https://www.squarepharma.com.bd/products/Ticstop%2025.png
Tilex? Max,Glucosamine Sulfate & Diacerein,https://www.squarepharma.com.bd/products/Tilex-max-pic_l.jpg
Timotor?,Trimebutine Maleate,https://www.squarepharma.com.bd/products/TIMOTOR-100MG.jpg
TOFATOR? 5,Tofacitinib,https://www.squarepharma.com.bd/products/tofator_l.jpg
Togent?,Diphenhydramine HCl+ Zn Acetate,https://www.squarepharma.com.bd/products/TOGENT.jpg
TolfemTM,Tolfenamic Acid,https://www.squarepharma.com.bd/products/Tolfem-Tablet_2.jpg
Topicort?,Hydrocortisone Acetate,https://www.squarepharma.com.bd/products/TOPICORT.jpg
Torax?,Ketorolac Trometamol,https://www.squarepharma.com.bd/products/Torax-60-%20Inj..jpg
TorsidTM,Torsemide,https://www.squarepharma.com.bd/products/Torsid-pic_l.jpg
Tory?,Etoricoxib,https://www.squarepharma.com.bd/products/TOry_120%20-%20Copy.png
TrelantiTM Cozycap,Vilanterol + Umeclidinium + Fluticasone Furoate,https://www.squarepharma.com.bd/products/Trelanti%20IC.jpg
Trevox?,Levofloxacin,https://www.squarepharma.com.bd/products/trevox_500.jpg
Trevox? 500 IV,Levofloxacin 0.5% w/v IV Infusion,https://www.squarepharma.com.bd/products/Trevox-Infusion_l.jpg
Trevox? D,Levofloxacin USP 0.5% & Dexamethasone BP 0.1%,https://www.squarepharma.com.bd/products/Trevox%20D%20(website)%20-%20Copy.jpg
Trevox? Ear Drops,Levofloxacin,https://www.squarepharma.com.bd/products/TREVOX_600x400-pc.png
Tridyl?,Trihexyphenidyl Hydrochloride USP,https://www.squarepharma.com.bd/products/Syrup-TRIDYL---FINAL_l3.jpg
Trispray?,Triamcenolone Acetonide,https://www.squarepharma.com.bd/products/TRISPRAY.jpg
Trupan?,Pantoprazole,https://www.squarepharma.com.bd/products/Trupan%2040%20Injection.jpg
Truxil?,Raubasine + Almitrine Bismesylate,https://www.squarepharma.com.bd/products/Truxil.jpg
Tryptin?,Amitriptyline HCl,https://www.squarepharma.com.bd/products/Tryptin%2025.jpg
Tryptin? Plus,Amitriptyline + Chlordiazepoxide,https://www.squarepharma.com.bd/products/Tryptin%20plus.jpg
Tusca PlusTM,Guaifenesin + Levomenthol + Diphenhydramine HCl,https://www.squarepharma.com.bd/products/Tusca%20Plus%20Syp.jpg
Tylace?,Acetylcysteine USP,https://www.squarepharma.com.bd/products/tylace_l.jpg
Ucol?,Tolterodine Tartrate,https://www.squarepharma.com.bd/products/UCOL-2.jpg
Ulrif?,Sucralfate 1 gm/5 ml Suspension,https://www.squarepharma.com.bd/products/Ulrif_Pack_l.jpg
Ultivent-MTM Cozycap,Indacaterol + Glycopyrronium + Mometasone Furoate,https://www.squarepharma.com.bd/products/Ultivent%20M%20400x600%20immage.jpg
Ultivent? Cozycap,Glycopyrronium + Indacaterol,https://www.squarepharma.com.bd/products/Ultivent-Cozycap_l.jpg
Uriset?,Potassium Citrate & Citric Acid Monohydrate,https://www.squarepharma.com.bd/products/uriset_large.jpg
Urocure?,Nitrofurantoin USP,https://www.squarepharma.com.bd/products/Urocure-100-SR.JPG
Urso?,Ursodeoxycholic Acid BP,https://www.squarepharma.com.bd/products/Urso-pic-02_l..jpg
Utal?,Ulipristal Acetate INN 5 mg,https://www.squarepharma.com.bd/products/Utal-Tablet-Product.jpg
ValmorTM,Sacubitril & Valsartan,https://www.squarepharma.com.bd/products/Valmor_100_l.jpg
Valoate?,Sodium valproate+ Valproic acid,https://www.squarepharma.com.bd/products/Valoate-CR-500-Website.jpg
Vanprox?,Cefpodoxime Proxetil,https://www.squarepharma.com.bd/products/Vanprox-PFS-50-ml.jpg
VardamateTM,Vardenafil,https://www.squarepharma.com.bd/products/Vardamate%2020.jpg
Vertina? Plus,Meclizine HCl + Pyridoxine HCl,https://www.squarepharma.com.bd/products/Vertina_Plus-removebg-preview.png
Vertina?-D,Doxylamine Succinate + Pyridoxine Hydrochloride,https://www.squarepharma.com.bd/products/Vertina_D-removebg-preview.png
Vertina?-DX,Doxylamine Succinate + Pyridoxine Hydrochloride,https://www.squarepharma.com.bd/products/Vertina%20DX.jpg
Viglimet?,Vildagliptin + Metformin,https://www.squarepharma.com.bd/products/Viglimet%2050_850.gif
Viglita?,Vildagliptin,https://www.squarepharma.com.bd/products/Viglita-50_e.jpg
VigorexTM,Sildenafil,https://www.squarepharma.com.bd/products/Vigorex-100.jpg
VigosolTM IV,Solution of 5% Composite Amino Acid with Electrolytes & D-Sorbitol,https://www.squarepharma.com.bd/products/Vigosol_1.jpg
VilantiTM Cozycap,Vilanterol & Fluticasone Furoate,https://www.squarepharma.com.bd/products/vilanti%20200.jpg
Viodin?,Povidone Iodine,https://www.squarepharma.com.bd/products/Viodin%20Mouthwash.jpg
Virux Tablet?,Aciclovir,https://www.squarepharma.com.bd/products/Virux-400_l.jpg
Virux?,Aciclovir,https://www.squarepharma.com.bd/products/Virux-Cream-(600x400).png
Virux? HC,Aciclovir BP 5% & Hydrocortisone BP 1%,https://www.squarepharma.com.bd/products/virux_hc_l.jpg
Virux? IV Injection,Acyclovir USP,https://www.squarepharma.com.bd/products/virux_500.jpg
VolinacTM,Diclofenac Sodium,https://www.squarepharma.com.bd/products/volinac_large.jpg
VolinacTM MAX,Diclofenac Sodium,https://www.squarepharma.com.bd/products/Image_Volinac%20Max.jpg
VonizaTM,Vonoprazan,https://www.squarepharma.com.bd/products/Voniza%2020%20for%20website.png
VonokitTM,Vonoprazan + Amoxicillin + Clarithromycin,https://www.squarepharma.com.bd/products/Vonokit%20PRO_Website%20copy.jpg
Vori?,Voriconazole,https://www.squarepharma.com.bd/products/Vori%20inj.%20for%20website.jpg
WaxnilTM,Sodium Bicarbonate,https://www.squarepharma.com.bd/products/Waxnil_Pack2.jpg
Xenole?,Naproxen+Esomeprazole,https://www.squarepharma.com.bd/products/Xenole_u.png
Xfin?,Terbinafine HCL,https://www.squarepharma.com.bd/products/Xfin_cream.jpg
XposTM,Posaconazole,https://www.squarepharma.com.bd/products/XPOSE_400X600.jpg
Xten?,Tenoxicam,https://www.squarepharma.com.bd/products/XTEN.jpg
Xylocon?,Oxymetazoline,https://www.squarepharma.com.bd/products/xylocon_l.jpg
Zesup?,Zinc Sulphate,https://www.squarepharma.com.bd/products/Zesup-20-web.jpg
Zif-CI?,"Zinc Sulfate, Folic Acid & Carbonyl Iron",https://www.squarepharma.com.bd/products/ZIF-CL.jpg
Zif? Forte,"Carbonyl Iron, Folic Acid, Vitamin B-Complex, Vitamin C & Zinc Sulphate Monohydrate",https://www.squarepharma.com.bd/products/Zif-Forte_n.jpg
Zif?-A,"Ferrous Ascorbate, Folic Acid and Zinc Sulfate Monohydrate",https://www.squarepharma.com.bd/products/Zif%20A%20for%20Website.jpg
Zifolet?,Folic Acid and Zinc Sulfate Monohydrate,https://www.squarepharma.com.bd/products/ZIFOLET.jpg
Ziliron-B?,"Iron (III) Hydroxide Polymaltose Complex, Folic Acid, Vitamin B-Complex & Zinc Sulphate Monohydrate",https://www.squarepharma.com.bd/products/ZILIRON-B.jpg
Zimax?,Azithromycin,https://www.squarepharma.com.bd/products/Zimax%20500%20IV%20Inj..jpg
Zolivox?,Linezolid USP,https://www.squarepharma.com.bd/products/Zolivox%20PFS.jpg
Zox?,Nitazoxanide,https://www.squarepharma.com.bd/products/ZOX-500.jpg
